Platform/Tool,Startup Cost,Monthly Fee,Automation Level,Best For,Payment Processing
Shopify Collective,Free (for eligible),$0,High,Shopify users,Shopify Payments
Facebook/TikTok Shops,$0,$0,Medium,Social media marketing,Built-in
Amazon Seller,$0 (individual plan),Variable by sales,Medium,Large marketplace reach,Amazon Pay
eBay,$0 (250 free listings),Fees on sales,Medium,General products,PayPal/Cards
Etsy,$0.20/listing,6.5% transaction fee,Low,Handmade/vintage,Etsy Payments
WooCommerce,Free (hosting required),$0 (plugin only),High (with plugins),WordPress users,WooCommerce/Stripe
Wix eCommerce,Free plan available,$0-29/month,Medium,Beginners,Wix Payments
EPROLO,Free,$0,High,Zero budget start,External required
AliDropship Plugin,$89 one-time,$0 after purchase,High,Full automation,External required
DSers (AliExpress),"Free (up to 3,000 products)",$0-19.90,Very High,AliExpress sourcing,External required
