Product Category,Example Products,Market Size (2025),Profit Margin Range,Competition Level,Growth Trend 2025
Smart Home Devices,"Smart LED bulbs, Security cameras, Smart thermostats, Voice-controlled hubs",$1.7 Trillion,20-30%,Medium,Strong
Pet Supplies,"GPS trackers, Automatic feeders, Pet grooming kits, Interactive toys",$500 Billion,25-35%,Medium,Strong (+2.5% volume)
Health & Wellness,"Posture correctors, Massage guns, Digestive supplements, Multivitamins",$160.7 Billion,30-50%,Medium-High,Very Strong
Beauty & Personal Care,"Teeth whitening kits, Hair growth serum, Anti-aging cream, Face rollers",$160.7 Billion,50-60%,High,Very Strong
Eco-Friendly Products,"Reusable shopping bags, Bamboo toothbrushes, Solar chargers, Stainless steel bottles",$71% search increase,25-40%,Medium,Strong
Kitchen & Dining,"Air fryers, Milk frothers, Cutting boards, Cooking utensils",$65.23 Billion,20-30%,Medium,Steady (6.9% CAGR)
Baby Products,"Baby carriers, Baby monitors, Baby swings, Safety products",$320 Billion,20-30%,Medium,Strong (5.9% CAGR)
Tech Accessories,"Wireless earbuds, Portable chargers, Phone cases, Laptop stands",$1.7 Trillion,25-35%,High,Strong
Fitness Equipment,"Resistance bands, Yoga mats, Dumbbells, Foam rollers",55% prefer home workouts,25-40%,Medium,Strong
Personalized Items,"Custom t-shirts, Engraved jewelry, Photo mugs, Personalized phone cases",$31.48 Billion,30-50%,Medium-Low,Very Strong (92% to 2032)
